Form_id,Form_date,Status,Text-784,Checkbox-358,Text-785,Text-786
19,"2020-07-14 14:48:05",unread,"Thẻ nhớ","2, 3","Điện thoại","Lãnh lương"
18,"2020-07-14 14:47:59",unread,"Thẻ nhớ","1, 2","Điện thoại","Lãnh lương"
17,"2020-07-14 14:47:52",unread,"Thẻ nhớ","1, 2","Điện thoại","Lãnh lương"
16,"2020-07-14 14:47:21",unread,"Thẻ nhớ","1, 2, 3","Điện thoại","Lãnh lương"
15,"2020-07-14 14:40:25",unread,,"1, 2, 3",,
7,"2020-07-14 14:16:21",unread,,,,
6,"2020-07-14 14:16:07",unread,,,,
5,"2020-07-14 14:15:06",unread,,,,
4,"2020-07-14 14:14:33",unread,,,,
3,"2020-07-14 14:14:28",unread,,,,
2,"2020-07-14 14:14:22",unread,,,,
1,"2020-07-14 14:12:48",unread,,,,
